headlines,headline_text
"['dragonflies', 'spy', 'with', 'their', 'eyes', 'humans']",dragonflies spy with their eyes humans
"['deputy', 'cm', 'keshav', 'prasad', 'maurya', 'among', '7', 'up', 'ministers', 'in', 'bjp', 'list']",deputy cm keshav prasad maurya among 7 up ministers in bjp list
"['sebi', 'confirms', 'capital', 'mkt', 'ban', 'on', 'capital', 'stroke', '3', 'others']",sebi confirms capital mkt ban on capital stroke 3 others
"['all', 'rbi', 'is', 'saying', 'is', 'give', 'growth', 'a', 'chance']",all rbi is saying is give growth a chance
"['view', 'the', 'tokenisation', 'regime', 'will', 'affect', 'all', 'businesses', 'that', 'accept', 'cards']",view the tokenisation regime will affect all businesses that accept cards
"['rbi', 'repo', 'rate', 'hike', 'may', 'reduce', 'realty', 'sales', 'momentum', 'but', 'recovery', 'to', 'continue']",rbi repo rate hike may reduce realty sales momentum but recovery to continue
"['sessions', 'court', 'rejects', 'revision', 'petition', 'by', 'former', 'chief', 'secretary', 'of', 'delhi']",sessions court rejects revision petition by former chief secretary of delhi
"['xiaomi', 'india', 'claims', 'ed', 'order', 'does', 'not', 'satisfy', 'provisions', 'of', 'fema', 'act', 'in', 'court']",xiaomi india claims ed order does not satisfy provisions of fema act in court
"['sbi', 'plea', 'naresh', 'goyal', 'wife', 'get', 'relief', 'from', 'high', 'court']",sbi plea naresh goyal wife get relief from high court
"['several', 'kashmiri', 'pandits', 'visit', 'kheer', 'bhawani', 'mela', 'many', 'skip', 'it', 'due', 'to', 'fear']",several kashmiri pandits visit kheer bhawani mela many skip it due to fear
"['rs', 'polls', 'in', 'karnataka', 'prospect', 'of', 'cross', 'voting', 'looms', 'large', 'as', 'jds', 'stays', 'firm', 'congress', 'unrelenting']",rs polls in karnataka prospect of cross voting looms large as jds stays firm congress unrelenting
"['railways', 'plans', 'for', 'higher', 'capacity', 'lines', 'to', 'run', 'vande', 'bharat', 'trains']",railways plans for higher capacity lines to run vande bharat trains
"['neet', 'pg', '21', 'dghs', 'tells', 'sc', 'no', 'further', 'rounds', 'of', 'counselling', 'can', 'be', 'conducted', 'software', 'closed']",neet pg 21 dghs tells sc no further rounds of counselling can be conducted software closed
"['covid', '564', 'new', 'cases', 'one', 'more', 'death', 'in', 'delhi', 'positivity', 'rate', '2', '84', 'pc']",covid 564 new cases one more death in delhi positivity rate 2 84 pc
"['market', 'valuation', 'could', 'decline', 'further', 'in', 'near', 'term', 'but', 'long', 'term', 'growth', 'story', 'intact']",market valuation could decline further in near term but long term growth story intact
"['3', 'pfi', 'activists', 'held', 'in', 'kanpur', 'violence', 'case']",3 pfi activists held in kanpur violence case
"['more', 'hikes', 'will', 'follow', 'heres', 'why', 'rbi', 'should', 'avoid', 'over', 'tightening']",more hikes will follow heres why rbi should avoid over tightening
"['two', 'senior', 'executives', 'quit', 'bharatpe']",two senior executives quit bharatpe
"['west', 'bengal', 'assembly', 'speaker', 'rejects', 'plea', 'for', 'disqualification', 'of', 'mukul', 'roy']",west bengal assembly speaker rejects plea for disqualification of mukul roy
"['congress', 'wants', 'bjp', 'backed', 'subhash', 'chandras', 'win', 'rs', 'polls', 'claims', 'aap']",congress wants bjp backed subhash chandras win rs polls claims aap
"['banks', 'need', 'to', 'adopt', 'customer', 'centric', 'approach', 'finance', 'minister']",banks need to adopt customer centric approach finance minister
"['india', 'iran', 'explore', 'possibility', 'of', 'roadmap', 'for', 'long', 'term', 'collaboration']",india iran explore possibility of roadmap for long term collaboration
"['rbi', 'cancels', 'licence', 'of', 'mudhol', 'co', 'op', 'bank', 'bagalkot', 'karnataka']",rbi cancels licence of mudhol co op bank bagalkot karnataka
"['liquor', 'prices', 'likely', 'to', 'drop', 'by', '30', '40', 'in', 'punjab', 'as', 'cabinet', 'approves', 'new', 'excise', 'policy']",liquor prices likely to drop by 30 40 in punjab as cabinet approves new excise policy
"['future', 'enterprises', 'defaults', 'on', 'rs', '1', '41', 'crore', 'interest', 'payment', 'for', 'ncds']",future enterprises defaults on rs 1 41 crore interest payment for ncds
"['hyderabad', 'gangrape', 'case', 'police', 'get', 'custody', 'of', 'adult', 'accused']",hyderabad gangrape case police get custody of adult accused
"['vedanta', 'pledges', '5', '77', 'stake', 'in', 'hindustan', 'zinc', 'for', 'rs', '8000', 'crore', 'term', 'loan']",vedanta pledges 5 77 stake in hindustan zinc for rs 8000 crore term loan
"['these', 'bank', 'stocks', 'have', 'more', 'than', '20', 'upside', 'potential', 'according', 'to', 'analysts']",these bank stocks have more than 20 upside potential according to analysts
"['rate', 'of', 'tds', 'on', 'virtual', 'digital', 'assets', 'shall', 'be', '1', 'per', 'cent', 'clarifies', 'government']",rate of tds on virtual digital assets shall be 1 per cent clarifies government
"['uddhav', 'thackeray', 'slams', 'bjp', 'for', 'shaming', 'country', 'with', 'prophet', 'mohammed', 'remark']",uddhav thackeray slams bjp for shaming country with prophet mohammed remark
"['ahead', 'of', 'market', '12', 'things', 'that', 'will', 'decide', 'd', 'street', 'action', 'on', 'thursday']",ahead of market 12 things that will decide d street action on thursday
"['increase', 'in', 'msp', 'of', 'kharif', 'crops', 'will', 'empower', 'farmers', 'pm', 'modi']",increase in msp of kharif crops will empower farmers pm modi
"['active', 'covid', '19', 'cases', 'breach', '1000', 'mark', 'in', 'tamil', 'nadu']",active covid 19 cases breach 1000 mark in tamil nadu
"['media', 'speculates', 'pope', 'franciss', 'retirement', 'experts', 'are', 'sceptical']",media speculates pope franciss retirement experts are sceptical
"['nclt', 'directs', 'investigation', 'against', 'wave', 'megacity', 'for', 'alleged', 'siphoning', 'of', 'homebuyers', 'money']",nclt directs investigation against wave megacity for alleged siphoning of homebuyers money
"['rbi', 'hikes', 'repo', 'rate', 'by', '50', 'bps', 'debt', 'mutual', 'funds', 'may', 'be', 'hit']",rbi hikes repo rate by 50 bps debt mutual funds may be hit
"['market', 'movers', 'hindustan', 'oil', 'jumps', '7', 'steel', 'stocks', 'rally', 'on', 'improved', 'outlook']",market movers hindustan oil jumps 7 steel stocks rally on improved outlook
"['seshadri', 'sen', 'three', 'sectors', 'to', 'help', 'build', 'rejig', 'portfolios', 'in', 'this', 'market']",seshadri sen three sectors to help build rejig portfolios in this market
"['vistara', 'plans', 'synergies', 'with', 'air', 'india', 'leasing', 'boeing', 'dreamliners']",vistara plans synergies with air india leasing boeing dreamliners
"['arvind', 'kejriwal', 'enacting', 'drama', 'over', 'ed', 'action', 'against', 'jain', 'aap', 'will', 'draw', 'a', 'blank', 'in', 'hp', 'polls', 'anurag', 'thakur']",arvind kejriwal enacting drama over ed action against jain aap will draw a blank in hp polls anurag thakur
"['hollywood', 'veteran', 'carol', 'burnett', 'joins', 'apple', 'tvs', 'period', 'comedy', 'mrs', 'american', 'pie']",hollywood veteran carol burnett joins apple tvs period comedy mrs american pie
"['coordination', 'between', 'g7', 'g', '20', 'explored', 'to', 'address', 'global', 'challenges']",coordination between g7 g 20 explored to address global challenges
"['fm', 'launches', 'easenext', 'reforms', 'agenda', 'for', 'psbs']",fm launches easenext reforms agenda for psbs
"['actor', 'adivi', 'sesh', 'announces', 'major', 'sandeep', 'unnikrishnan', 'fund', 'for', 'cds', 'nda', 'aspirants']",actor adivi sesh announces major sandeep unnikrishnan fund for cds nda aspirants
"['wipro', 'wins', 'petrobras', 'deal', 'with', 'servicenow']",wipro wins petrobras deal with servicenow
"['ayana', 'renewable', 'to', 'invest', 'rs', '1200', 'crore', 'in', 'wind', 'and', 'solar', 'projects', 'in', 'karnataka']",ayana renewable to invest rs 1200 crore in wind and solar projects in karnataka
"['china', 'releases', 'worlds', 'most', 'detailed', 'map', 'of', 'moon']",china releases worlds most detailed map of moon
"['nick', 'cannon', 'hints', 'hes', 'expecting', 'more', 'children', 'this', 'year']",nick cannon hints hes expecting more children this year
"['captain', 'mithali', 'raj', 'retires', 'from', 'international', 'cricket']",captain mithali raj retires from international cricket
"['india', 'one', 'of', 'few', 'countries', 'to', 'have', 'achieved', 'most', 'nationally', 'determined', 'contributions', 'bhupender', 'yadav']",india one of few countries to have achieved most nationally determined contributions bhupender yadav
"['taapsee', 'pannu', 'pens', 'an', 'emotional', 'note', 'on', 'mithali', 'rajs', 'retirement', 'calls', 'cricketer', 'true', 'legend']",taapsee pannu pens an emotional note on mithali rajs retirement calls cricketer true legend
"['india', 'rejects', 'environment', 'performance', 'index', '2022', 'that', 'ranked', 'it', 'lowest', 'among', '180', 'countries']",india rejects environment performance index 2022 that ranked it lowest among 180 countries
"['novavax', 'shares', 'skyrocketed', 'as', 'fda', 'recommends', 'the', 'vaccine', 'for', 'covid19', 'in', 'the', 'u', 's']",novavax shares skyrocketed as fda recommends the vaccine for covid19 in the u s
"['public', 'sector', 'bank', 'employees', 'threaten', 'to', 'go', 'on', 'strike', 'on', 'june', '27']",public sector bank employees threaten to go on strike on june 27
"['heatwave', 'continues', 'in', 'northwest', 'central', 'india']",heatwave continues in northwest central india
"['simone', 'biles', 'other', 'gymnasts', 'seek', '1billion', 'from', 'fbi', 'for', 'mishandling', 'larry', 'nassar', 'sex', 'abuse', 'case']",simone biles other gymnasts seek 1billion from fbi for mishandling larry nassar sex abuse case
"['fpis', 'sold', 'rs', '16000', 'crore', 'worth', 'of', 'it', 'stocks', 'in', 'may', 'amid', 'volatility', 'in', 'rupee']",fpis sold rs 16000 crore worth of it stocks in may amid volatility in rupee
"['music', 'maestro', 'a', 'r', 'rahman', 'named', 'ambassador', 'of', 'indo', 'uk', 'culture', 'platform']",music maestro a r rahman named ambassador of indo uk culture platform
"['indian', 'fintech', 'market', 'expected', 'to', 'reach', 'usd', '150', 'bn', 'in', 'valuation', 'by', '2025', 'mos', 'finance']",indian fintech market expected to reach usd 150 bn in valuation by 2025 mos finance
"['kristi', 'noem', 'trumps', 'ally', 'wins', 'in', 'south', 'dakota']",kristi noem trumps ally wins in south dakota
"['congress', 'questions', 'pm', 'modis', 'silence', 'on', 'row', 'over', 'remarks', 'on', 'prophet']",congress questions pm modis silence on row over remarks on prophet
"['mumbai', 'logs', '1765', 'new', 'covid', '19', 'cases', 'highest', 'since', 'jan', '26', 'active', 'count', 'reaches', '7000']",mumbai logs 1765 new covid 19 cases highest since jan 26 active count reaches 7000
"['connecticut', 'woman', 'dies', 'of', 'powassan', 'virus', 'what', 'is', 'the', 'powassan', 'virus', 'its', 'symptoms', 'and', 'cure']",connecticut woman dies of powassan virus what is the powassan virus its symptoms and cure
"['front', 'running', 'case', 'sebi', 'bans', 'former', 'religare', 'finvest', 'employee', 'from', 'capital', 'mkt', 'levies', 'fine']",front running case sebi bans former religare finvest employee from capital mkt levies fine
"['gujarat', 'logs', '111', 'new', 'covid', '19', 'cases', 'daily', 'tally', 'crosses', '100', 'for', 'first', 'time', 'in', 'three', 'months']",gujarat logs 111 new covid 19 cases daily tally crosses 100 for first time in three months
"['bankers', 'hail', 'rbis', 'monetary', 'policy', 'focus', 'on', 'taming', 'inflation']",bankers hail rbis monetary policy focus on taming inflation
"['eam', 'jaishankar', 'holds', 'wide', 'ranging', 'talks', 'with', 'iranian', 'counterpart', 'after', 'row', 'over', 'prophet']",eam jaishankar holds wide ranging talks with iranian counterpart after row over prophet
"['nhai', 'creates', 'guinness', 'world', 'record', 'for', 'laying', 'longest', 'bituminous', 'lane', 'of', '75', 'kilometres', 'in', '105', 'hours']",nhai creates guinness world record for laying longest bituminous lane of 75 kilometres in 105 hours
"['nmc', 'proposes', 'allowing', 'doctors', 'to', 'refuse', 'treatment', 'in', 'case', 'of', 'abusive', 'and', 'violent', 'patients', 'or', 'relatives']",nmc proposes allowing doctors to refuse treatment in case of abusive and violent patients or relatives
"['assam', 'planning', 'to', 'start', 'millet', 'mission', 'says', 'state', 'agri', 'minister']",assam planning to start millet mission says state agri minister
"['jim', 'seals', 'half', 'of', '1970s', 'group', 'seals', 'and', 'crofts', 'dies', 'at', 'the', 'age', 'of', '80']",jim seals half of 1970s group seals and crofts dies at the age of 80
"['cybersecurity', 'startup', 'subcom', 'raises', '1', 'million', 'in', 'funding', 'led', 'by', 'yournest']",cybersecurity startup subcom raises 1 million in funding led by yournest
"['sebi', 'orders', 'attachment', 'of', 'bank', 'demat', 'accounts', 'of', 'rose', 'valley', '4', 'others', 'to', 'recover', 'over', 'rs', '5000', 'cr', 'sebi', 'confirms', 'capital', 'mkt', 'ban', 'on', 'capital', 'stroke', '3', 'others']",sebi orders attachment of bank demat accounts of rose valley 4 others to recover over rs 5000 cr sebi confirms capital mkt ban on capital stroke 3 others
"['coinbases', 'hiring', 'freeze', 'shatters', 'crypto', 'hopefuls', 'career', 'plans']",coinbases hiring freeze shatters crypto hopefuls career plans
"['cricket', 'fraternity', 'hails', 'mithali', 'raj', 'for', 'being', 'an', 'inspiration']",cricket fraternity hails mithali raj for being an inspiration
"['dri', 'customs', 'destroys', '44000', 'kilogram', 'of', 'narcotic', 'substances']",dri customs destroys 44000 kilogram of narcotic substances
"['du', 'to', 'hike', 'university', 'development', 'fee', 'by', 'rs', '300', 'from', 'academic', 'year', '2022', '23']",du to hike university development fee by rs 300 from academic year 2022 23
"['kamal', 'haasan', 'gifts', 'rolex', 'watch', 'to', 'suriya', 'lexus', 'es', '300h', 'to', 'lokesh', 'kanagaraj', 'as', 'vikram', 'crosses', 'rs', '200', 'cr', 'mark']",kamal haasan gifts rolex watch to suriya lexus es 300h to lokesh kanagaraj as vikram crosses rs 200 cr mark
"['assam', 'police', 'has', 'special', 'cells', 'for', 'women', 'community', 'approach', 'tata', 'institute', 'of', 'social', 'sciences', 'tiss', 'to', 'be', 'manning', 'these', 'special', 'cells']",assam police has special cells for women community approach tata institute of social sciences tiss to be manning these special cells
"['ed', 'files', 'charge', 'sheet', 'in', 'jharkhand', 'chit', 'fund', 'scam', 'probe']",ed files charge sheet in jharkhand chit fund scam probe
"['excited', 'to', 'connect', 'with', 'indian', 'audience', 'with', 'sadqay', 'tumhare', 'says', 'raees', 'star', 'mahira', 'khan']",excited to connect with indian audience with sadqay tumhare says raees star mahira khan
"['brookfield', 'commissions', 'first', 'solar', 'project', 'in', 'india', 'with', '445', 'mw', 'capacity']",brookfield commissions first solar project in india with 445 mw capacity
"['dgca', 'mandates', 'masks', 'in', 'flight', 'as', 'covid', 'cases', 'rise', 'again']",dgca mandates masks in flight as covid cases rise again
"['sugar', 'exporters', 'are', 'not', 'very', 'happy', 'with', 'indias', 'sales', 'curbs']",sugar exporters are not very happy with indias sales curbs
"['deputy', 'jailor', 'of', 'banda', 'prison', 'where', 'muktar', 'ansari', 'is', 'lodged', 'suspended']",deputy jailor of banda prison where muktar ansari is lodged suspended
"['record', '80', 'lakh', 'tourists', 'visited', 'kashmir', 'in', 'recent', 'months', 'anantnag', 'dc', 'office']",record 80 lakh tourists visited kashmir in recent months anantnag dc office
"['calcutta', 'hc', 'asks', 'cbi', 'to', 'probe', 'allegations', 'of', 'primary', 'teachers', 'job', 'scam', 'in', 'bengal']",calcutta hc asks cbi to probe allegations of primary teachers job scam in bengal
"['switch', 'over', 'to', 'e', 'office', 'completely', 'by', 'june', '30', 'delhi', 'govt', 'tells', 'all', 'depts']",switch over to e office completely by june 30 delhi govt tells all depts
"['covid', '19', 'maharashtras', 'single', 'day', 'infection', 'count', 'goes', 'above', '2700', 'active', 'cases', 'now', '9806']",covid 19 maharashtras single day infection count goes above 2700 active cases now 9806
"['kl', 'rahul', 'ruled', 'out', 'of', 'entire', 'series', 'pant', 'to', 'captain', 'team', 'against', 'proteas']",kl rahul ruled out of entire series pant to captain team against proteas
"['credit', 'cards', 'on', 'upi', 'soon', 'says', 'rbi', 'two', 'senior', 'execs', 'quit', 'bharatpe']",credit cards on upi soon says rbi two senior execs quit bharatpe
"['congress', 'to', 'put', 'up', 'show', 'of', 'strength', 'on', 'monday', 'when', 'rahul', 'appears', 'before', 'ed']",congress to put up show of strength on monday when rahul appears before ed
"['niper', 'jee', '2022', 'hall', 'tickets', 'released', 'here', 'is', 'the', 'link', 'for', 'download']",niper jee 2022 hall tickets released here is the link for download
"['rbi', 'governor', 'to', 'deliver', 'lecture', 'on', 'indian', 'businesses', 'on', 'thursday']",rbi governor to deliver lecture on indian businesses on thursday
"['punjab', 'police', 'seeks', 'red', 'corner', 'notice', 'for', 'goldy', 'brar', 'in', 'sidhu', 'moosewala', 'killing']",punjab police seeks red corner notice for goldy brar in sidhu moosewala killing
"['morgan', 'stanleys', 'ridham', 'desai', 'on', 'why', 'banking', 'sector', 'is', 'in', 'a', 'sweet', 'spot']",morgan stanleys ridham desai on why banking sector is in a sweet spot
"['no', 'let', 'up', 'in', 'heatwave', 'in', 'delhi', 'respite', 'likely', 'in', 'two', 'days']",no let up in heatwave in delhi respite likely in two days
"['india', 'tour', 'of', 'sri', 'lanka', 'harmanpreet', 'kaur', 'named', 'odi', 'captain', 'jhulan', 'goswami', 'left', 'out']",india tour of sri lanka harmanpreet kaur named odi captain jhulan goswami left out
"['rbis', 'rate', 'hike', 'is', 'it', 'negative', 'or', 'positive', 'for', 'equity', 'investors', 'experts', 'decode']",rbis rate hike is it negative or positive for equity investors experts decode
"['delhi', 'video', 'of', '5', 'yr', 'old', 'lying', 'on', 'terrace', 'with', 'hands', 'legs', 'tied', 'surfaces', 'netizens', 'demand', 'action']",delhi video of 5 yr old lying on terrace with hands legs tied surfaces netizens demand action
"['visa', 'scam', 'ed', 'opposes', 'karti', 'chidambarams', 'anticipatory', 'bail', 'plea', 'in', 'money', 'laundering', 'case', 'in', 'hc']",visa scam ed opposes karti chidambarams anticipatory bail plea in money laundering case in hc
"['co', 'operative', 'banks', 'permitted', 'more', 'activities', 'on', 'par', 'with', 'commercial', 'banks']",co operative banks permitted more activities on par with commercial banks
"['betterplace', 'acquires', 'ezedox', 'in', 'an', 'all', 'cash', 'deal']",betterplace acquires ezedox in an all cash deal
"['your', 'emis', 'are', 'set', 'to', 'see', 'sharp', 'jump', 'as', 'banks', 'likely', 'to', 'jack', 'up', 'lending', 'rates']",your emis are set to see sharp jump as banks likely to jack up lending rates
"['pakistan', 'govt', 'bans', 'wedding', 'ceremonies', 'in', 'islamabad', 'after', '10', 'pm', 'to', 'conserve', 'energy', 'reports']",pakistan govt bans wedding ceremonies in islamabad after 10 pm to conserve energy reports
"['cabinet', 'hikes', 'msp', 'for', 'kharif', 'marketing', 'season', '2022', '23']",cabinet hikes msp for kharif marketing season 2022 23
"['dont', 'sell', 'country', 'for', 'few', 'pieces', 'of', 'gold', 'bjp', 'to', 'kerala', 'government']",dont sell country for few pieces of gold bjp to kerala government
"['kerala', 'sslc', '2022', 'results', 'on', 'june', '10', 'announces', 'minister']",kerala sslc 2022 results on june 10 announces minister
"['traffic', 'inspector', 'assaulted', 'over', 'issuing', 'challan', 'in', 'delhi', '6', 'detained']",traffic inspector assaulted over issuing challan in delhi 6 detained
"['cabinet', 'approves', 'transfer', 'of', '10', 'in', 'orbit', 'communication', 'satellites', 'to', 'public', 'sector', 'enterprise']",cabinet approves transfer of 10 in orbit communication satellites to public sector enterprise
"['teach', 'marathi', 'in', 'up', 'schools', 'for', 'better', 'job', 'prospects', 'of', 'students', 'in', 'maharashtra', 'bjps', 'kripashankar', 'singh', 'writes', 'to', 'yogi']",teach marathi in up schools for better job prospects of students in maharashtra bjps kripashankar singh writes to yogi
"['expect', 'current', 'account', 'deficit', 'to', 'remain', 'at', 'sustainable', 'level', 'shaktikanta', 'das']",expect current account deficit to remain at sustainable level shaktikanta das
"['rs', 'polls', 'court', 'to', 'decide', 'on', 'temporary', 'bail', 'pleas', 'of', 'anil', 'deshmukh', 'nawab', 'malik', 'on', 'june', '9']",rs polls court to decide on temporary bail pleas of anil deshmukh nawab malik on june 9
"['doctor', 'strange', 'writer', 'bowled', 'over', 'by', 'rrr', 'calls', 'rajamouli', 'directorial', 'the', 'most', 'sincere', 'weirdest', 'blockbuster']",doctor strange writer bowled over by rrr calls rajamouli directorial the most sincere weirdest blockbuster
"['rbi', 'policy', 'inflation', 'key', 'parameter', 'to', 'track', 'as', 'growth', 'takes', 'back', 'seat', 'for', 'now']",rbi policy inflation key parameter to track as growth takes back seat for now
"['sensex', 'extends', 'losing', 'run', 'to', '4th', 'day', 'ends', '215', 'pts', 'lower', 'nifty', 'below', '16400']",sensex extends losing run to 4th day ends 215 pts lower nifty below 16400
"['nmc', 'proposes', 'use', 'of', 'med', 'dr', 'as', 'prefix', 'for', 'practitioners', 'of', 'modern', 'medicine']",nmc proposes use of med dr as prefix for practitioners of modern medicine
"['tcs', 'wipro', 'to', 'work', 'at', 'ibms', 'kochi', 'centre', 'to', 'co', 'create', 'ai', 'based', 'automation', 'tech']",tcs wipro to work at ibms kochi centre to co create ai based automation tech
"['jetsynthesys', 'to', 'invest', '100', 'million', 'in', 'acquiring', 'studios', 'through', 'new', 'startup', 'jetapult']",jetsynthesys to invest 100 million in acquiring studios through new startup jetapult
"['policybazaar', 'shares', 'fall', 'over', '10', 'as', 'founder', 'sells', 'shares', 'in', 'open', 'market']",policybazaar shares fall over 10 as founder sells shares in open market
"['bts', 'rapper', 'j', 'hope', 'becomes', '1st', 'korean', 'star', 'to', 'headline', 'lollapalooza', 'music', 'festival']",bts rapper j hope becomes 1st korean star to headline lollapalooza music festival
"['sii', 'seeks', 'from', 'dcgi', 'market', 'authorisation', 'for', 'indias', 'first', 'qhpv', 'vaccine', 'against', 'cervical', 'cancer']",sii seeks from dcgi market authorisation for indias first qhpv vaccine against cervical cancer
"['assam', 'cm', 'himanta', 'biswa', 'sarma', 'announces', 'cabinet', 'expansion']",assam cm himanta biswa sarma announces cabinet expansion
"['lg', 'manoj', 'sinha', 'visits', 'slain', 'teachers', 'house', 'in', 'j', 'ks', 'samba', 'assures', 'support', 'to', 'her', 'family']",lg manoj sinha visits slain teachers house in j ks samba assures support to her family
"['deadline', 'to', 'submit', 'reliance', 'capital', 'resolution', 'plans', 'likely', 'to', 'be', 'extended']",deadline to submit reliance capital resolution plans likely to be extended
"['tmc', 'has', 'no', 'principles', 'party', 'only', 'has', 'syndicates', 'bjp', 'national', 'president', 'jp', 'nadda', 'in', 'kolkata']",tmc has no principles party only has syndicates bjp national president jp nadda in kolkata
"['rbi', 'guv', 'shaktikanta', 'das', 'bats', 'for', 'cut', 'in', 'state', 'taxes', 'on', 'petrol', 'diesel']",rbi guv shaktikanta das bats for cut in state taxes on petrol diesel
"['no', 'justification', 'for', 'allocating', 'spectrum', 'to', 'enterprises', 'for', 'operating', 'pvt', 'captive', 'networks', 'coai']",no justification for allocating spectrum to enterprises for operating pvt captive networks coai
"['johnny', 'depps', 'lawyer', 'camille', 'vasquez', 'promoted', 'to', 'partner', 'by', 'firm', 'after', 'success', 'in', 'defamation', 'case']",johnny depps lawyer camille vasquez promoted to partner by firm after success in defamation case
"['apm', 'terminals', 'pipavav', 'commissions', '1000', 'kwp', 'rooftop', 'solar', 'power', 'plant']",apm terminals pipavav commissions 1000 kwp rooftop solar power plant
"['limited', 'impact', 'on', 'telcos', 'from', 'interest', 'rate', 'hike', 'forex', 'fluctuations', 'jp', 'morgan']",limited impact on telcos from interest rate hike forex fluctuations jp morgan
"['tech', 'view', 'nifty', 'breaks', 'below', 'the', 'support', 'of', '16400', 'look', 'for', 'selling', 'opportunities', 'say', 'analysts']",tech view nifty breaks below the support of 16400 look for selling opportunities say analysts
"['yes', 'bank', 'to', 'seek', 'another', 'term', 'for', 'ceo', 'rejig', 'board']",yes bank to seek another term for ceo rejig board
"['customs', 'helps', 'ricky', 'kej', 'get', 'his', 'grammy', 'medallion', 'stuck', 'for', '2', 'months', 'after', 'twitter', 'appeal']",customs helps ricky kej get his grammy medallion stuck for 2 months after twitter appeal
"['liquor', 'license', 'cant', 'be', 'cancelled', 'for', 'public', 'sentiment', 'against', 'vend', 'location', 'delhi', 'hc']",liquor license cant be cancelled for public sentiment against vend location delhi hc
"['these', 'are', 'the', 'worlds', '20', 'most', 'expensive', 'cities', 'for', 'expats']",these are the worlds 20 most expensive cities for expats
"['uks', 'new', 'work', 'visa', 'is', 'it', 'actually', 'bright', 'for', 'the', 'best', 'and', 'brightest']",uks new work visa is it actually bright for the best and brightest
"['rate', 'hike', 'withdrawal', 'of', 'accommodation', 'calibrated', 'to', 'evolving', 'inflation', 'growth', 'dynamics', 'rbi', 'governor']",rate hike withdrawal of accommodation calibrated to evolving inflation growth dynamics rbi governor
"['kartik', 'aaryan', 'fanboys', 'over', 'marvel', 'says', 'he', 'would', 'love', 'to', 'play', 'spider', 'man']",kartik aaryan fanboys over marvel says he would love to play spider man
"['headwinds', 'galore', 'but', 'these', 'stocks', 'can', 'be', 'good', 'bets', 'from', 'retail', 'sector']",headwinds galore but these stocks can be good bets from retail sector
"['all', 'conspiracies', 'against', 'aap', 'fail', 'as', 'we', 'have', 'gods', 'blessings', 'arvind', 'kejriwal']",all conspiracies against aap fail as we have gods blessings arvind kejriwal
"['clat', 'admit', 'card', '2022', 'how', 'to', 'download', 'from', 'consortium', 'of', 'nlus', 'website']",clat admit card 2022 how to download from consortium of nlus website
"['rbse', 'results', 'for', 'class', '5th', '8th', 'check', 'here', 'for', 'links', 'to', 'know', 'the', 'results']",rbse results for class 5th 8th check here for links to know the results
"['mswipe', 'technologies', 'announces', 'slew', 'of', 'senior', 'appointments']",mswipe technologies announces slew of senior appointments
"['government', 'working', 'on', 'new', 'platform', 'for', 'police', 'to', 'track', 'crimes', 'criminals']",government working on new platform for police to track crimes criminals
"['metaverse', 'tokens', 'like', 'decentraland', 'sandbox', 'and', 'axie', 'infinity', 'have', 'risen', 'nearly', '400', 'in', 'a', 'year', 'despite', 'the', 'sell', 'off', 'in', 'crypto', 'market']",metaverse tokens like decentraland sandbox and axie infinity have risen nearly 400 in a year despite the sell off in crypto market
"['oil', 'on', 'boil', 'brent', 'crude', 'prices', 'can', 'rally', 'to', '145', '150']",oil on boil brent crude prices can rally to 145 150
"['monkeypox', 'virus', 'spreading', 'since', '2017', 'had', 'undergone', '47', 'mutations', 'since', 'then', 'says', 'study']",monkeypox virus spreading since 2017 had undergone 47 mutations since then says study
"['hinduja', 'tech', 'partners', 'with', 'senseye', 'to', 'develop', 'best', 'in', 'class', 'iot', 'solutions']",hinduja tech partners with senseye to develop best in class iot solutions
"['rbi', 'governor', 'shaktikanta', 'das', 'asks', 'people', 'to', 'approach', 'local', 'police', 'for', 'issues', 'against', 'unregistered', 'digital', 'lending', 'apps']",rbi governor shaktikanta das asks people to approach local police for issues against unregistered digital lending apps
"['no', 'need', 'for', 'anti', 'conversion', 'law', 'in', 'bihar', 'nitish', 'kumar']",no need for anti conversion law in bihar nitish kumar
"['dgca', 'gets', 'strict', 'on', 'those', 'not', 'wearing', 'masks', 'violators', 'can', 'be', 'put', 'on', 'no', 'fly', 'list']",dgca gets strict on those not wearing masks violators can be put on no fly list
"['will', 'respond', 'promptly', 'correctly', 'to', 'tns', 'opposition', 'to', 'discuss', 'mekedatu', 'project', 'says', 'karnataka', 'cm']",will respond promptly correctly to tns opposition to discuss mekedatu project says karnataka cm
"['johnny', 'depp', 'thanks', 'fans', 'for', 'their', 'unwavering', 'support', 'talks', 'about', 'moving', 'forward', 'in', 'new', 'tiktok', 'video']",johnny depp thanks fans for their unwavering support talks about moving forward in new tiktok video
"['ukraine', 'dismisses', 'moscows', 'assurances', 'over', 'grain', 'shipments', 'as', 'empty', 'words']",ukraine dismisses moscows assurances over grain shipments as empty words
"['world', 'brain', 'tumour', 'day', 'from', 'vision', 'changes', 'hearing', 'loss', 'to', 'anger', 'depression', 'here', 'are', 'symptoms', 'you', 'must', 'not', 'ignore']",world brain tumour day from vision changes hearing loss to anger depression here are symptoms you must not ignore
"['up', 'board', 'result', '2022', 'results', 'for', 'upmsp', 'classes', '10', '12', 'soon', 'to', 'be', 'declared']",up board result 2022 results for upmsp classes 10 12 soon to be declared
"['rbi', 'policy', 'customers', 'no', 'longer', 'need', 'to', 'input', 'otp', 'for', 'e', 'mandates', 'up', 'to', 'rs', '15000']",rbi policy customers no longer need to input otp for e mandates up to rs 15000
"['farhan', 'akhtar', 'is', 'a', 'fascinating', 'person', 'and', 'he', 'looks', 'so', 'cool', 'in', 'our', 'show', 'says', 'ms', 'marvel', 'star', 'iman', 'vellani']",farhan akhtar is a fascinating person and he looks so cool in our show says ms marvel star iman vellani
"['rajnath', 'singh', 'meets', 'vietnamese', 'counterpart', 'signs', 'joint', 'vision', 'statement', 'to', 'significantly', 'enhance', 'defence', 'cooperation']",rajnath singh meets vietnamese counterpart signs joint vision statement to significantly enhance defence cooperation
"['despite', 'rate', 'cut', 'epf', 'vpf', '8', '1', 'return', 'still', 'best', 'in', 'tax', 'free', 'heres', 'how', 'much', 'you', 'can', 'invest']",despite rate cut epf vpf 8 1 return still best in tax free heres how much you can invest
"['nexus', 'malls', 'reveals', 'new', 'brand', 'identity']",nexus malls reveals new brand identity
"['indias', 'sugar', 'exports', 'at', 'record', '8', '6', 'mn', 'tonne', 'till', 'may', 'this', 'year', 'isma']",indias sugar exports at record 8 6 mn tonne till may this year isma
"['all', 'about', 'pradhan', 'mantri', 'jeevan', 'jyoti', 'bima', 'yojana']",all about pradhan mantri jeevan jyoti bima yojana
"['solar', 'open', 'access', 'additions', 'grow', '22', 'in', 'jan', 'mar', 'cumulative', 'capacity', 'hits', '5', '7', 'gw', 'mark', 'report']",solar open access additions grow 22 in jan mar cumulative capacity hits 5 7 gw mark report
"['better', 'com', 'ceo', 'vishal', 'garg', 'who', 'sacked', '900', 'employees', 'on', 'zoom', 'call', 'sued', 'for', 'misleading', 'investors', 'by', 'former', 'exec']",better com ceo vishal garg who sacked 900 employees on zoom call sued for misleading investors by former exec
"['analysts', 'are', 'betting', 'on', 'these', 'stocks', 'as', 'rbi', 'hikes', 'rates']",analysts are betting on these stocks as rbi hikes rates
"['rate', 'hike', 'taking', 'us', 'closer', 'to', 'pre', 'pandemic', 'levels', 'sanjiv', 'bajaj', 'president', 'cii']",rate hike taking us closer to pre pandemic levels sanjiv bajaj president cii
"['rbi', 'rate', 'hike', 'implies', 'costlier', 'home', 'loans', 'but', 'co', 'op', 'bank', 'step', 'brings', 'shine', 'to', 'realty', 'stocks']",rbi rate hike implies costlier home loans but co op bank step brings shine to realty stocks
"['foreign', 'investors', 'returned', 'to', 'china', 'capital', 'markets', 'in', 'may', 'despite', 'lockdowns']",foreign investors returned to china capital markets in may despite lockdowns
"['rupee', 'gains', '3', 'paise', 'to', 'close', 'at', '77', '75', 'against', 'us', 'dollar']",rupee gains 3 paise to close at 77 75 against us dollar
"['cancellation', 'of', 'licence', 'of', 'a', 'liquor', 'vend', 'all', 'you', 'need', 'to', 'know', 'about', 'the', 'delhi', 'high', 'court', 'ruling']",cancellation of licence of a liquor vend all you need to know about the delhi high court ruling
"['coming', 'years', 'will', 'belong', 'to', 'those', 'who', 'have', 'invested', 'in', 'healthcare', 'pm', 'modi']",coming years will belong to those who have invested in healthcare pm modi
"['around', '90', 'million', 'users', 'flocked', 'to', 'crypto', 'bandwagon', 'in', 'march', '2022', 'report']",around 90 million users flocked to crypto bandwagon in march 2022 report
"['one', 'person', 'dead', 'after', 'car', 'drives', 'into', 'crowd', 'on', 'berlin', 'street']",one person dead after car drives into crowd on berlin street
"['some', 'defence', 'infra', 'being', 'set', 'up', 'by', 'china', 'near', 'its', 'border', 'with', 'india', 'alarming', 'us', 'commander']",some defence infra being set up by china near its border with india alarming us commander
"['indias', 'data', 'centre', 'capacity', 'expected', 'to', 'double', 'by', 'fiscal', '2025', 'crisil']",indias data centre capacity expected to double by fiscal 2025 crisil
"['gold', 'marginally', 'higher', 'by', 'rs', '30', 'silver', 'gains', 'rs', '133']",gold marginally higher by rs 30 silver gains rs 133
"['bpcl', 'winds', 'up', 'data', 'room', 'after', 'govt', 'puts', 'off', 'privatisation']",bpcl winds up data room after govt puts off privatisation
"['nothing', 'to', 'hide', 'from', 'ed', 'congress', 'on', 'summons', 'to', 'sonia', 'gandhi', 'rahul', 'gandhi']",nothing to hide from ed congress on summons to sonia gandhi rahul gandhi
"['mobikwik', 'plots', '100', 'million', 'fundraise', 'after', 'delaying', 'ipo']",mobikwik plots 100 million fundraise after delaying ipo
"['3', 'factors', 'that', 'can', 'make', 'zomato', 'profitable', 'in', 'the', 'next', 'few', 'years']",3 factors that can make zomato profitable in the next few years
"['sc', 'rejects', 'appeal', 'against', 'delhi', 'judicial', 'service', 'prelims', 'exam']",sc rejects appeal against delhi judicial service prelims exam
"['jack', 'quaid', 'says', 'the', 'boys', 'team', 'is', 'like', 'a', 'little', 'family', 'which', 'has', 'a', 'penchant', 'to', 'make', 'messed', 'up', 'content']",jack quaid says the boys team is like a little family which has a penchant to make messed up content
"['hdfc', 'bank', 'hikes', 'mclr', 'on', 'loans', 'how', 'much', 'your', 'emis', 'will', 'go', 'up']",hdfc bank hikes mclr on loans how much your emis will go up
"['sc', 'pulls', 'up', 'mcc', 'over', '1450', 'vacant', 'seats', 'in', 'neet', 'pg', '21', 'says', 'it', 'leads', 'to', 'dearth', 'of', 'doctors']",sc pulls up mcc over 1450 vacant seats in neet pg 21 says it leads to dearth of doctors
"['alternative', 'investment', 'platform', 'jiraaf', 'raises', '7', '5', 'million', 'funding', 'from', 'accel', 'and', 'others']",alternative investment platform jiraaf raises 7 5 million funding from accel and others
"['aap', 'dissolves', 'its', 'gujarat', 'organisation', 'structure', 'ahead', 'of', 'assembly', 'polls']",aap dissolves its gujarat organisation structure ahead of assembly polls
"['satellites', 'could', 'soon', 'beam', 'clean', 'power', 'down', 'to', 'earth', 'all', 'details', 'here']",satellites could soon beam clean power down to earth all details here
"['lalu', 'prasad', 'yadav', 'fined', 'rs', '6000', 'for', 'violating', 'model', 'code', 'of', 'conduct', 'in', '2009']",lalu prasad yadav fined rs 6000 for violating model code of conduct in 2009
"['indonesia', 'is', 'trying', 'to', 'lure', 'digital', 'nomads', 'with', 'the', 'promise', 'of', 'a', '5', 'year', 'work', 'visa']",indonesia is trying to lure digital nomads with the promise of a 5 year work visa
"['sat', 'directs', 'malvinder', 'mohan', 'singh', 'malav', 'holdings', 'to', 'deposit', '50', 'pc', 'of', 'sebi', 'penalty', 'amount']",sat directs malvinder mohan singh malav holdings to deposit 50 pc of sebi penalty amount
"['home', 'loan', 'limit', 'doubles', 'for', 'individual', 'borrowers', 'in', 'co', 'operative', 'banks']",home loan limit doubles for individual borrowers in co operative banks
"['rate', 'hikes', 'wont', 'have', 'large', 'impact', 'on', 'corporate', 'credit', 'offtake', 'ashwini', 'k', 'tewari', 'md', 'sbi']",rate hikes wont have large impact on corporate credit offtake ashwini k tewari md sbi
"['citi', 'sees', 'a', '13', 'trn', 'opportunity', 'in', 'metaverse', 'does', 'it', 'have', 'the', 'potential']",citi sees a 13 trn opportunity in metaverse does it have the potential
"['after', 'coinbase', 'wazirx', 'and', 'unocoin', 'to', 'slow', 'down', 'hiring']",after coinbase wazirx and unocoin to slow down hiring
"['nata', 'admit', 'card', 'for', '2022', 'has', 'been', 'released', 'check', 'for', 'link', 'to', 'download', 'it']",nata admit card for 2022 has been released check for link to download it
"['nifty', 'bulls', 'have', 'two', 'allies', 'to', 'fight', 'volatility', 'in', 'stock', 'market', 'hdfc', 'mf', 'ceo', 'navneet', 'munot']",nifty bulls have two allies to fight volatility in stock market hdfc mf ceo navneet munot
"['anicut', 'capital', 'raises', 'rs', '110', 'crore', 'to', 'invest', 'in', 'startups']",anicut capital raises rs 110 crore to invest in startups
"['heres', 'what', 'you', 'need', 'to', 'know', 'about', 'gupta', 'brothers']",heres what you need to know about gupta brothers
"['deepinder', 'goyal', 'akshant', 'goyal', 'here', 'is', 'how', 'much', 'zomatos', 'dream', 'team', 'earned', 'since', 'october', '2021']",deepinder goyal akshant goyal here is how much zomatos dream team earned since october 2021
"['ozark', 'star', 'julia', 'garner', 'offered', 'to', 'play', 'madonna', 'in', 'pop', 'icons', 'biopic']",ozark star julia garner offered to play madonna in pop icons biopic
"['india', 'says', 'environmental', 'performance', 'index', 'based', 'on', 'unscientific', 'methods']",india says environmental performance index based on unscientific methods
"['porsche', 'forays', 'into', 'pre', 'owned', 'car', 'segment', 'in', 'india']",porsche forays into pre owned car segment in india
"['singer', 'kk', 'complained', 'of', 'pain', 'in', 'arms', 'severe', 'fatigue', 'before', 'concert', 'final', 'autopsy', 'report', 'says', 'hypoxia', 'led', 'to', 'heart', 'failure']",singer kk complained of pain in arms severe fatigue before concert final autopsy report says hypoxia led to heart failure
"['edge', 'mastercard', 'allows', 'payment', 'with', 'cryptos']",edge mastercard allows payment with cryptos
"['debt', 'fund', 'managers', 'decode', 'rbis', '50bps', 'rate', 'hike']",debt fund managers decode rbis 50bps rate hike
"['rupay', 'credit', 'cards', 'will', 'soon', 'be', 'linked', 'to', 'upi', 'says', 'rbi', 'governor', 'shaktikanta', 'das']",rupay credit cards will soon be linked to upi says rbi governor shaktikanta das
"['22', 'people', 'killed', 'as', 'van', 'falls', 'into', 'ravine', 'in', 'pakistans', 'balochistan']",22 people killed as van falls into ravine in pakistans balochistan
"['home', 'loan', 'rates', 'enter', 'red', 'zone', 'will', 'dent', 'affordable', 'and', 'mid', 'segment', 'sales', 'the', 'most']",home loan rates enter red zone will dent affordable and mid segment sales the most
"['tumour', 'vanishes', 'in', 'all', '12', 'rectal', 'cancer', 'patients', 'in', 'rare', 'medical', 'trial', 'result']",tumour vanishes in all 12 rectal cancer patients in rare medical trial result
"['bull', 'market', 'intact', 'its', 'just', 'a', 'correction', 'madhu', 'kela']",bull market intact its just a correction madhu kela
"['government', 'mindful', 'of', 'inflation', 'situation', 'says', 'rbi', 'governor', 'das']",government mindful of inflation situation says rbi governor das
"['analysts', 'see', 'rbi', 'taking', 'policy', 'rates', 'well', 'above', 'pre', 'pandemic', 'levels', 'by', 'march']",analysts see rbi taking policy rates well above pre pandemic levels by march
"['sebi', 'raises', 'concern', 'on', 'crypto', 'says', 'that', 'its', 'decentralised', 'nature', 'makes', 'them', 'harder', 'to', 'regulate']",sebi raises concern on crypto says that its decentralised nature makes them harder to regulate
"['rbi', 'announces', 'measures', 'for', 'cooperative', 'banks', 'to', 'enhance', 'credit', 'flow', 'for', 'housing', 'sector']",rbi announces measures for cooperative banks to enhance credit flow for housing sector
"['double', 'whammy', 'for', 'new', 'home', 'buyers', 'with', 'rising', 'property', 'price', 'and', 'interest', 'rate']",double whammy for new home buyers with rising property price and interest rate
"['karan', 'johars', '50th', 'bday', 'bash', 'turns', 'into', 'covid', 'hotspot', 'did', 'srk', 'katrina', 'kaif', 'contract', 'the', 'infection', 'at', 'the', 'party']",karan johars 50th bday bash turns into covid hotspot did srk katrina kaif contract the infection at the party
"['lt', 'finance', 'holdings', 'ticks', 'all', 'the', 'right', 'boxes', 'but', 'still', 'delivers', 'short', 'of', 'expectations']",lt finance holdings ticks all the right boxes but still delivers short of expectations
"['monetary', 'fiscal', 'authorities', 'taking', 'steps', 'to', 'moderate', 'inflation', 'push', 'growth', 'dea', 'secretary', 'ajay', 'seth']",monetary fiscal authorities taking steps to moderate inflation push growth dea secretary ajay seth
"['maharashtra', 'continues', 'its', 'investment', 'momentum', 'signs', 'deal', 'worth', 'inr', '80000', 'cr', 'at', 'wef', 'davos']",maharashtra continues its investment momentum signs deal worth inr 80000 cr at wef davos
"['monetary', 'policy', 'war', 'has', 'led', 'to', 'globalisation', 'of', 'inflation', 'says', 'rbis', 'das']",monetary policy war has led to globalisation of inflation says rbis das
"['hints', 'clues', 'and', 'answer', 'for', 'quordle', '135', 'june', '8', '2022']",hints clues and answer for quordle 135 june 8 2022
"['film', 'maker', 'todd', 'phillips', 'teases', 'joker', 'sequel', 'with', 'joaquin', 'phoenixs', 'return']",film maker todd phillips teases joker sequel with joaquin phoenixs return
"['rbi', 'hikes', 'rates', 'by', '50', 'bps', 'here', 'are', 'the', 'top', '10', 'takeaways']",rbi hikes rates by 50 bps here are the top 10 takeaways
"['tried', 'chair', 'yoga', 'yet', 'it', 'can', 'help', 'you', 'beat', 'work', 'stress', 'lack', 'of', 'focus', 'post', 'lunch', 'slump']",tried chair yoga yet it can help you beat work stress lack of focus post lunch slump
"['european', 'shares', 'slip', 'as', 'credit', 'suisse', 'profit', 'warning', 'weighs', 'on', 'banks']",european shares slip as credit suisse profit warning weighs on banks
"['funding', 'under', 'drdo', 'scheme', 'enhanced', 'to', 'rs', '50', 'crore', 'per', 'project']",funding under drdo scheme enhanced to rs 50 crore per project
"['air', 'quality', 'panel', 'bans', 'use', 'of', 'coal', 'in', 'delhi', 'ncr', 'from', 'next', 'year']",air quality panel bans use of coal in delhi ncr from next year
"['today', 'is', 'national', 'best', 'friends', 'day', 'in', 'the', 'us', 'best', 'friends', 'are', 'forever', 'like', 'family']",today is national best friends day in the us best friends are forever like family
"['indian', 'leisure', 'destinations', 'are', 'all', 'the', 'rage', 'this', 'summer']",indian leisure destinations are all the rage this summer
"['june', '8', 'wordle', '354', 'hints', 'and', 'answer']",june 8 wordle 354 hints and answer
"['evolving', 'workplaces', 'for', 'women', 'ability', 'flexibility', 'and', 'development']",evolving workplaces for women ability flexibility and development
"['hc', 'indicates', 'karnataka', 'lokayukta', 'appointment', 'under', 'active', 'consideration']",hc indicates karnataka lokayukta appointment under active consideration
"['netflix', 'sets', 'premiere', 'date', 'for', 'season', '2', 'of', 'imtiaz', 'alis', 'she']",netflix sets premiere date for season 2 of imtiaz alis she
"['clues', 'and', 'answer', 'to', 'todays', 'heardle', 'june', '8']",clues and answer to todays heardle june 8
"['bjp', 'announces', 'nine', 'candidates', 'for', 'up', 'legislative', 'council', 'polls']",bjp announces nine candidates for up legislative council polls
"['how', 'india', 'can', 'benefit', 'from', 'voluntary', 'carbon', 'markets']",how india can benefit from voluntary carbon markets
"['indias', 'biggest', 'lender', 'sbi', 'has', 'a', 'new', 'managing', 'director', 'alok', 'kumar', 'choudhary']",indias biggest lender sbi has a new managing director alok kumar choudhary
"['rjd', 'chief', 'lalu', 'prasad', 'fined', 'rs', '6000', 'in', '2009', 'model', 'code', 'violation', 'case']",rjd chief lalu prasad fined rs 6000 in 2009 model code violation case
"['drones', 'may', 'replace', 'weather', 'balloons', 'soon']",drones may replace weather balloons soon
"['ex', 'maharashtra', 'minister', 'anil', 'deshmukh', 'seeks', 'default', 'bail', 'in', 'corruption', 'case', 'claims', 'cbi', 'charge', 'sheet', 'incomplete']",ex maharashtra minister anil deshmukh seeks default bail in corruption case claims cbi charge sheet incomplete
"['how', 'gram', 'unnati', 'is', 'helping', 'uttarakhand', 'farmers', 'adopt', 'climate', 'compatible', 'agriculture', 'to', 'save', 'water']",how gram unnati is helping uttarakhand farmers adopt climate compatible agriculture to save water
"['bjp', 'names', 'candidates', 'for', 'maharashtra', 'legislative', 'council', 'polls', 'pankaja', 'munde', 'not', 'in', 'list']",bjp names candidates for maharashtra legislative council polls pankaja munde not in list
"['sai', 'calls', 'back', 'entire', 'indian', 'contingent', 'from', 'slovenia', 'in', 'wake', 'of', 'allegations', 'against', 'coach']",sai calls back entire indian contingent from slovenia in wake of allegations against coach
"['maharashtra', 'hsc', '12th', 'results', 'declared', 'check', 'for', 'links', 'to', 'know', 'results']",maharashtra hsc 12th results declared check for links to know results
"['ms', 'marvels', 'desi', 'connect', 'ar', 'rahman', 'ritviz', 'ishq', 'bector', 'add', 'a', 'dash', 'of', 'indian', 'music', 'to', 'mcu']",ms marvels desi connect ar rahman ritviz ishq bector add a dash of indian music to mcu
"['web3', 'dao', 'samudai', 'raises', '2', '5', 'million', 'in', 'pre', 'seed', 'funding']",web3 dao samudai raises 2 5 million in pre seed funding
"['ms', 'marvel', 'cant', 'represent', 'every', 'single', 'south', 'asian', 'muslim', 'person', 'but', 'its', 'a', 'good', 'start', 'says', 'iman', 'vellani']",ms marvel cant represent every single south asian muslim person but its a good start says iman vellani
"['monetary', 'policy', 'rbi', 'revises', 'inflation', 'projection', 'for', 'fy23', 'to', '6', '7', 'from', '5', '7', 'earlier']",monetary policy rbi revises inflation projection for fy23 to 6 7 from 5 7 earlier
"['yes', 'bank', 'shares', 'jump', '2', 'after', 'lender', 'initiates', 'process', 'to', 'come', 'out', 'of', 'reconstruction', 'scheme']",yes bank shares jump 2 after lender initiates process to come out of reconstruction scheme
"['what', 'is', 'marginal', 'standing', 'facility', 'msf']",what is marginal standing facility msf
"['smart', 'tvs', 'now', 'form', '89', 'of', 'the', 'total', 'tv', 'market', 'in', 'india', 'counterpoint']",smart tvs now form 89 of the total tv market in india counterpoint
"['6', 'best', 'smm', 'panels', 'india', 'for', 'youtube', 'instagram', 'more']",6 best smm panels india for youtube instagram more
"['hold', 'blue', 'star', 'target', 'price', 'rs', '1070', 'emkay', 'global']",hold blue star target price rs 1070 emkay global
"['bankruptcy', 'proceedings', 'to', 'begin', 'against', 'radius', 'promoter', 'chhabria']",bankruptcy proceedings to begin against radius promoter chhabria
"['rate', 'sensitive', 'stocks', 'rally', 'up', 'to', '3', 'after', 'rbi', 'hikes', 'rates', 'by', '50', 'bps']",rate sensitive stocks rally up to 3 after rbi hikes rates by 50 bps
"['buy', 'tci', 'express', 'target', 'price', 'rs', '2000', 'icici', 'direct']",buy tci express target price rs 2000 icici direct
"['chart', 'check', '100', 'in', 'a', 'year', 'this', 'smallcap', 'stock', 'is', 'a', 'good', 'buy', 'on', 'dips', 'for', 'a', 'target', 'of', 'rs', '300', '375']",chart check 100 in a year this smallcap stock is a good buy on dips for a target of rs 300 375
"['hold', 'whirlpool', 'of', 'india', 'target', 'price', 'rs', '1725', 'emkay', 'globalnbsp']",hold whirlpool of india target price rs 1725 emkay globalnbsp
"['24', 'yr', 'old', 'gujarat', 'girl', 'to', 'marry', 'herself', 'in', 'june', 'know', 'why', 'more', 'women', 'are', 'choosing', 'sologamy']",24 yr old gujarat girl to marry herself in june know why more women are choosing sologamy
"['what', 'jp', 'morgan', 'says', 'on', 'tata', 'motors', 'clsa', 'on', 'mm']",what jp morgan says on tata motors clsa on mm
"['rbi', 'allows', 'urban', 'co', 'operative', 'banks', 'to', 'offer', 'door', 'step', 'banking', 'services']",rbi allows urban co operative banks to offer door step banking services
"['bullish', 'on', 'infosys', 'hcl', 'tech', 'and', 'ltts', 'hemang', 'jani']",bullish on infosys hcl tech and ltts hemang jani
"['rbi', 'takes', 'cognisance', 'of', 'price', 'pressures', 'votes', 'unanimously', 'for', 'a', '50', 'basis', 'points', 'hike', 'in', 'repo']",rbi takes cognisance of price pressures votes unanimously for a 50 basis points hike in repo
"['hsc', 'result', 'of', 'maharashtra', 'for', 'class', '12', 'to', 'be', 'out', 'on', 'june', '8']",hsc result of maharashtra for class 12 to be out on june 8
"['when', 'are', 'you', 'starting', 'goshalas', 'hc', 'asks', 'karnataka', 'govt']",when are you starting goshalas hc asks karnataka govt
"['rbi', 'keeps', 'growth', 'projection', 'unchanged', 'to', '7', '2', 'for', 'fy23']",rbi keeps growth projection unchanged to 7 2 for fy23
"['india', 'came', 'last', 'at', 'the', 'environmental', 'performance', 'index', '2022']",india came last at the environmental performance index 2022
"['salman', 'khans', 'security', 'beefed', 'up', 'outside', 'his', 'mumbai', 'apartment', 'after', 'sidhu', 'moose', 'walas', 'murder', 'heres', 'why']",salman khans security beefed up outside his mumbai apartment after sidhu moose walas murder heres why
"['hold', 'havells', 'india', 'target', 'price', 'rs', '1240', 'emkay', 'global']",hold havells india target price rs 1240 emkay global
"['indias', 'data', 'centre', 'capacity', 'to', 'double', 'by', 'fiscal', '2025', 'report']",indias data centre capacity to double by fiscal 2025 report
"['buy', 'bharat', 'forge', 'target', 'price', 'rs', '775', 'emkay', 'globalnbsp']",buy bharat forge target price rs 775 emkay globalnbsp
"['pm', 'modi', 'congratulates', 'shooters', 'avani', 'lekhara', 'sriharsha', 'devaraddi', 'on', 'winning', 'gold']",pm modi congratulates shooters avani lekhara sriharsha devaraddi on winning gold
"['buy', 'tata', 'motors', 'target', 'price', 'rs', '500', 'icici', 'direct']",buy tata motors target price rs 500 icici direct
"['number', 'of', 'trains', 'at', 'freight', 'corridors', 'to', 'rise', 'next', 'year', 'dfc', 'md']",number of trains at freight corridors to rise next year dfc md
"['defence', 'minister', 'rajnath', 'singh', 'pays', 'homage', 'to', 'vietnams', 'founding', 'father', 'ho', 'chi', 'minh']",defence minister rajnath singh pays homage to vietnams founding father ho chi minh
"['buy', 'bharat', 'electronics', 'target', 'price', 'rs', '290', 'icici', 'direct']",buy bharat electronics target price rs 290 icici direct
"['india', 'reports', '40', 'spike', 'in', 'daily', 'covid', '19', 'cases']",india reports 40 spike in daily covid 19 cases
"['shaken', 'stirred', 'bond', 'yields', 'rise', 'at', 'fastest', 'pace', 'since', '2008']",shaken stirred bond yields rise at fastest pace since 2008
"['indias', 'central', 'bank', 'hikes', 'interest', 'rates', 'by', '50bps', 'to', '4', '9']",indias central bank hikes interest rates by 50bps to 4 9
"['gold', 'rate', 'today', 'yellow', 'metal', 'drops', 'lower', 'silver', 'barely', 'holds', 'rs', '62000']",gold rate today yellow metal drops lower silver barely holds rs 62000
"['demi', 'lovato', 'announces', 'new', 'album', 'scheduled', 'to', 'be', 'released', 'on', 'august', '19']",demi lovato announces new album scheduled to be released on august 19
"['buy', 'kec', 'international', 'target', 'price', 'rs', '495', 'emkay', 'global']",buy kec international target price rs 495 emkay global
"['china', 'export', 'boom', 'fades', 'as', 'spending', 'shifts', 'cheaper', 'rivals', 'gain']",china export boom fades as spending shifts cheaper rivals gain
"['buy', 'bandhan', 'bank', 'target', 'price', 'rs', '365', 'icici', 'direct']",buy bandhan bank target price rs 365 icici direct
"['first', 'time', 'in', 'history', 'cancer', 'vanishes', 'from', 'every', 'patients', 'body', 'in', 'drug', 'trial']",first time in history cancer vanishes from every patients body in drug trial
"['buy', 'larsen', 'amp', 'toubro', 'target', 'price', 'rs', '2160', 'emkay', 'global']",buy larsen amp toubro target price rs 2160 emkay global
"['buy', 'hg', 'infra', 'engineering', 'target', 'price', 'rs', '820', 'emkay', 'globalnbsp']",buy hg infra engineering target price rs 820 emkay globalnbsp
"['rbi', 'hikes', 'repo', 'rate', 'by', '50', 'bps', 'to', '4', '90', 'to', 'rein', 'in', 'inflation']",rbi hikes repo rate by 50 bps to 4 90 to rein in inflation
"['india', 'logs', '5233', 'new', 'covid', '19', 'cases']",india logs 5233 new covid 19 cases
"['income', 'from', 'property', 'rented', 'out', 'gst', 'aar', 'makes', 'an', 'important', 'ruling']",income from property rented out gst aar makes an important ruling
"['akshay', 'kumar', 'starrer', 'samrat', 'prithviraj', 'gets', 'tax', 'free', 'status', 'in', 'gujarat', 'mints', 'rs', '44', 'cr', 'at', 'box', 'office']",akshay kumar starrer samrat prithviraj gets tax free status in gujarat mints rs 44 cr at box office
"['after', 'jp', 'morgan', 'paytm', 'gets', 'buy', 'call', 'from', 'another', 'global', 'brokerage']",after jp morgan paytm gets buy call from another global brokerage
"['card', 'tokenisation', 'how', 'to', 'save', 'card', 'details', 'in', 'amazon', 'for', 'future', 'payments']",card tokenisation how to save card details in amazon for future payments
"['will', 'these', 'mutual', 'funds', 'help', 'me', 'to', 'create', 'a', 'retirement', 'corpus', 'of', 'rs', '15', 'crore']",will these mutual funds help me to create a retirement corpus of rs 15 crore
"['buy', 'shree', 'cements', 'target', 'price', 'rs', '25300', 'emkay', 'global']",buy shree cements target price rs 25300 emkay global
"['looking', 'for', 'multibaggers', 'gautam', 'shahs', 'top', 'picks', 'from', 'broader', 'market']",looking for multibaggers gautam shahs top picks from broader market
"['karnataka', 'sees', 'spike', 'in', 'new', 'covid', '19', 'cases', 'after', '3', 'months']",karnataka sees spike in new covid 19 cases after 3 months
"['singapore', 'trading', 'platform', 'recognises', 'crypto', 'assets', 'of', 'accredited', 'investors']",singapore trading platform recognises crypto assets of accredited investors
"['all', 'you', 'need', 'to', 'know', 'about', 'focused', 'mutual', 'fund', 'scheme']",all you need to know about focused mutual fund scheme
"['add', 'ifb', 'industries', 'target', 'price', 'rs', '910', 'centrum', 'broking']",add ifb industries target price rs 910 centrum broking
"['morgan', 'stanleys', 'sameer', 'baisiwala', 'on', 'how', 'realty', 'and', 'pharma', 'sectors', 'will', 'fare', 'going', 'ahead']",morgan stanleys sameer baisiwala on how realty and pharma sectors will fare going ahead
"['buy', 'acc', 'target', 'price', 'rs', '2425', 'emkay', 'global']",buy acc target price rs 2425 emkay global
"['sensex', 'nifty', 'trade', 'lower', 'ahead', 'of', 'rbi', 'policy', 'outcome']",sensex nifty trade lower ahead of rbi policy outcome
"['lic', 'hits', 'all', 'time', 'low', 'should', 'you', 'buy', 'or', 'sell']",lic hits all time low should you buy or sell
"['policybazaar', 'sheds', 'a', 'little', 'less', 'than', 'half', 'a', 'billion', 'dollars', 'in', 'value', 'after', 'its', 'ceo', 'sells', 'shares']",policybazaar sheds a little less than half a billion dollars in value after its ceo sells shares
"['ibm', 'ends', 'all', 'russian', 'operations', 'lays', 'off', 'staff']",ibm ends all russian operations lays off staff
"['newly', 'inaugurated', 'dosti', 'eastern', 'bay', 'new', 'wadala', 'offers', 'the', 'luxury', 'lifestyle', 'experience', 'everyone', 'deserves']",newly inaugurated dosti eastern bay new wadala offers the luxury lifestyle experience everyone deserves
"['buy', 'ntpc', 'target', 'price', 'rs', '164', 'hdfc', 'securities']",buy ntpc target price rs 164 hdfc securities
"['pnb', 'board', 'okays', 'rs', '500', 'crore', 'infusion', 'in', 'pnb', 'housing', 'finance']",pnb board okays rs 500 crore infusion in pnb housing finance
"['mukesh', 'nita', 'ambani', 'host', 'arangetram', 'for', 'future', 'daughter', 'in', 'law', 'radhika', 'merchant', 'khans', 'ranveer', 'singh', 'attend']",mukesh nita ambani host arangetram for future daughter in law radhika merchant khans ranveer singh attend
"['buy', 'interglobe', 'aviation', 'target', 'price', 'rs', '2284', 'centrum', 'broking']",buy interglobe aviation target price rs 2284 centrum broking
"['instagram', 'users', 'can', 'now', 'control', 'sensitive', 'content', 'they', 'see']",instagram users can now control sensitive content they see
"['india', 'set', 'to', 'reintroduce', 'south', 'african', 'cheetah', 'in', 'a', 'wildlife', 'sanctuary', 'in', 'madhya', 'pradesh', 'by', 'august']",india set to reintroduce south african cheetah in a wildlife sanctuary in madhya pradesh by august
"['prince', 'harry', 'meghan', 'markle', 'share', 'daughter', 'lilibets', 'first', 'birthday', 'image']",prince harry meghan markle share daughter lilibets first birthday image
"['buy', 'cyient', 'target', 'price', 'rs', '977', 'icici', 'securities']",buy cyient target price rs 977 icici securities
"['top', 'cryptocurrency', 'prices', 'today', 'bitcoin', 'ethereum', 'cardano', 'avalanche', 'zoom', 'up', 'to', '10']",top cryptocurrency prices today bitcoin ethereum cardano avalanche zoom up to 10
"['amazon', 'says', 'it', 'prevented', '4', 'billion', 'bad', 'listings', 'in', '2021']",amazon says it prevented 4 billion bad listings in 2021
"['e', 'for', 'next', '2', '3', 'years', 'ashutosh', 'tiwari']",e for next 2 3 years ashutosh tiwari
"['our', 'base', 'case', 'for', 'india', 'is', 'of', 'some', 'moderation', 'in', 'growth', 'and', 'not', 'recession', 'hemang', 'kapasi']",our base case for india is of some moderation in growth and not recession hemang kapasi
"['sgx', 'nifty', 'up', '70', 'points', 'heres', 'what', 'changed', 'for', 'market', 'while', 'you', 'were', 'sleeping']",sgx nifty up 70 points heres what changed for market while you were sleeping
"['big', 'movers', 'on', 'd', 'st', 'what', 'should', 'investors', 'do', 'with', 'mrpl', 'chennai', 'petro', 'and', 'oil', 'india']",big movers on d st what should investors do with mrpl chennai petro and oil india
"['alphabets', 'waymo', 'uber', 'freight', 'in', 'deal', 'for', 'future', 'self', 'driving', 'trucks']",alphabets waymo uber freight in deal for future self driving trucks
"['asian', 'markets', 'track', 'wall', 'st', 'rally', 'boosted', 'by', 'china', 'hopes']",asian markets track wall st rally boosted by china hopes
"['u', 's', 'senators', 'unveil', 'bill', 'to', 'regulate', 'cryptocurrency']",u s senators unveil bill to regulate cryptocurrency
"['u', 's', 'bars', 'investors', 'from', 'buying', 'russian', 'debt', 'stocks', 'on', 'secondary', 'market']",u s bars investors from buying russian debt stocks on secondary market
"['battered', 'u', 's', 'retailers', 'shares', 'draw', 'bottom', 'pickers', 'in', 'option', 'market']",battered u s retailers shares draw bottom pickers in option market
"['why', 'nitin', 'raheja', 'is', 'gung', 'ho', 'on', 'financials', 'lukewarm', 'on', 'defence', 'stocks']",why nitin raheja is gung ho on financials lukewarm on defence stocks
"['stanplus', 'appoints', 'ubers', 'suhas', 'kulkarni', 'as', 'chief', 'technology', 'product', 'officer', 'and', 'founding', 'member']",stanplus appoints ubers suhas kulkarni as chief technology product officer and founding member
"['buy', 'mahindra', 'amp', 'mahindra', 'target', 'price', 'rs', '1080', 'hdfc', 'securities']",buy mahindra amp mahindra target price rs 1080 hdfc securities
"['up', 'juvenile', 'shoots', 'mother', 'for', 'debarring', 'him', 'from', 'playing', 'pubg']",up juvenile shoots mother for debarring him from playing pubg
"['hedge', 'funds', 'struggle', 'in', 'may', 'amid', 'recession', 'fears']",hedge funds struggle in may amid recession fears
"['jio', 'bp', 'to', 'give', 'monthly', 'rent', 'to', 'dealers', 'slash', 'diesel', 'supply', 'to', '10']",jio bp to give monthly rent to dealers slash diesel supply to 10
"['yen', 'slides', 'as', 'europe', 'braces', 'for', 'rate', 'hikes']",yen slides as europe braces for rate hikes
"['xiaomi', 'may', 'top', 'q2', 'smartphone', 'charts', 'here', 'but', 'rivals', 'closing', 'in']",xiaomi may top q2 smartphone charts here but rivals closing in
"['jp', 'morgan', 'rates', 'paytm', 'overweight']",jp morgan rates paytm overweight
"['naresh', 'goyal', 'moves', 'court', 'to', 'contest', 'fraud', 'account', 'tag', 'by', 'sbi']",naresh goyal moves court to contest fraud account tag by sbi
"['judge', 'who', 'ordered', 'video', 'survey', 'of', 'gyanvapi', 'complex', 'receives', 'threat', 'letter']",judge who ordered video survey of gyanvapi complex receives threat letter
"['stocks', 'in', 'the', 'news', 'nmdc', 'hind', 'copper', 'indian', 'hotels', 'rites', 'and', 'financials']",stocks in the news nmdc hind copper indian hotels rites and financials
"['oil', 'prices', 'inch', 'higher', 'ahead', 'of', 'u', 's', 'inventories', 'data']",oil prices inch higher ahead of u s inventories data
"['tata', 'neu', 'misses', 'first', 'month', 'sales', 'target', 'meity', 'plans', 'online', 'gaming', 'rules']",tata neu misses first month sales target meity plans online gaming rules
"['no', 'invite', 'to', 'myanmar', 'for', 'asean', 'foreign', 'ministers', 'meet', 'next', 'week']",no invite to myanmar for asean foreign ministers meet next week
"['corporate', 'radar', 'q4', 'earnings', 'dividends', 'stock', 'split', 'agms', 'more']",corporate radar q4 earnings dividends stock split agms more
"['indian', 'spiritual', 'leader', 'to', 'lead', 'international', 'yoga', 'day', 'celebrations', 'in', 'the', 'us']",indian spiritual leader to lead international yoga day celebrations in the us
"['gold', 'investors', 'in', 'wait', 'and', 'see', 'mode', 'before', 'u', 's', 'cpi', 'data']",gold investors in wait and see mode before u s cpi data
"['rbi', 'likely', 'to', 'hike', 'policy', 'interest', 'rates', 'raise', 'inflation', 'forecast', 'today']",rbi likely to hike policy interest rates raise inflation forecast today
"['after', 'amazon', 'flipkart', 'reliance', 'and', 'tata', 'neu', 'indias', '133', 'billion', 'ecommerce', 'market', 'may', 'be', 'too', 'little', 'for', 'a', 'fifth', 'player']",after amazon flipkart reliance and tata neu indias 133 billion ecommerce market may be too little for a fifth player
"['axis', 'bank', 'expects', 'costs', 'to', 'stay', 'high', 'on', 'digital', 'foray']",axis bank expects costs to stay high on digital foray
"['surfshark', 'second', 'vpn', 'company', 'to', 'log', 'out', 'of', 'india']",surfshark second vpn company to log out of india
"['analysts', 'bearish', 'on', 'cement', 'as', 'costs', 'rise']",analysts bearish on cement as costs rise
"['bel', 'shows', 'resilience', 'on', 'bourses', 'amid', 'govts', 'rising', 'focus', 'on', 'atmanirbhar', 'defence', 'procurement']",bel shows resilience on bourses amid govts rising focus on atmanirbhar defence procurement
"['record', 'margins', 'ignite', 'rally', 'in', 'standalone', 'oil', 'refiners']",record margins ignite rally in standalone oil refiners
"['realty', 'stocks', 'offer', 'good', 'entry', 'points', 'post', 'fall']",realty stocks offer good entry points post fall
"['staffing', 'companies', 'make', 'hay', 'as', 'tech', 'firms', 'scramble', 'for', 'talent']",staffing companies make hay as tech firms scramble for talent
"['kissht', 'raises', '80', 'mn', 'to', 'foray', 'into', 'challenger', 'card', 'segment']",kissht raises 80 mn to foray into challenger card segment
"['centre', 'open', 'to', 'idea', 'of', 'self', 'regulating', 'grievance', 'redressal', 'by', 'social', 'media', 'chandrasekhar']",centre open to idea of self regulating grievance redressal by social media chandrasekhar
"['saas', 'startup', 'kissflow', 'leans', 'on', 'new', 'low', 'code', 'platform']",saas startup kissflow leans on new low code platform
"['meity', 'plans', 'online', 'gaming', 'policy', 'to', 'help', 'companies', 'grow', 'play', 'by', 'rules']",meity plans online gaming policy to help companies grow play by rules
"['iba', 'expert', 'panel', 'to', 'vet', 'loan', 'recast', 'proposals']",iba expert panel to vet loan recast proposals
"['midsize', 'premium', 'cars', 'take', 'pv', 'sales', 'to', 'record', 'high', 'in', 'first', 'half', 'of', '2022']",midsize premium cars take pv sales to record high in first half of 2022
"['yamaha', 'to', 'accelerate', 'india', 'ev', 'entry', 'working', 'on', 'india', 'specific', 'electric', 'scooter']",yamaha to accelerate india ev entry working on india specific electric scooter
"['buy', 'hikal', 'target', 'price', 'rs', '340', 'icici', 'direct']",buy hikal target price rs 340 icici direct
"['nasa', 'to', 'launch', '3', 'rockets', 'from', 'private', 'australian', 'space', 'port']",nasa to launch 3 rockets from private australian space port
"['resolve', 'gst', 'disputes', 'quickly', 'and', 'smartly']",resolve gst disputes quickly and smartly
"['a', 'strong', 'case', 'for', 'indian', 'equities']",a strong case for indian equities
"['nearly', '250', 'overground', 'workers', 'arrested', 'in', 'jammu', 'kashmir']",nearly 250 overground workers arrested in jammu kashmir
"['world', 'oceans', 'day', 'plum', 'goodness', 'joins', 'hands', 'with', 'wwf', 'india', 'to', 'clean', 'coastlines', 'across', 'four', 'indian', 'states']",world oceans day plum goodness joins hands with wwf india to clean coastlines across four indian states
"['indians', 'drank', 'more', 'gave', 'liquor', 'companies', 'the', 'high', 'of', 'a', 'decade', 'last', 'year']",indians drank more gave liquor companies the high of a decade last year
"['why', 'waste', 'waste', 'if', 'you', 'can', 'get', 'wasted']",why waste waste if you can get wasted
"['the', 'world', 'of', 'progress']",the world of progress
"['home', 'made', 'vaccine', 'for', 'cervical', 'cancer', 'may', 'be', 'rolled', 'out', 'this', 'year']",home made vaccine for cervical cancer may be rolled out this year
"['bonds', 'rally', 'despite', '50', 'bps', 'rbi', 'rate', 'hike', 'heres', 'why']",bonds rally despite 50 bps rbi rate hike heres why
"['plan', 'to', 'introduce', 'cbdc', 'in', 'india', 'within', 'fy23', 'but', 'gradually', 'rbi']",plan to introduce cbdc in india within fy23 but gradually rbi
"['india', 'to', 'send', 'some', 'buddha', 'relics', 'to', 'mongolia', 'for', 'display']",india to send some buddha relics to mongolia for display
"['nhai', 'pays', 'rs', '891', 'crore', 'termination', 'compensation', 'to', 'ilfs', 'for', 'khed', 'sinnar', 'expressway']",nhai pays rs 891 crore termination compensation to ilfs for khed sinnar expressway
"['maharashtra', 'board', 'class', '12', 'results', 'declared', '94', '22', 'pc', 'students', 'pass', 'girls', 'outperform', 'boys']",maharashtra board class 12 results declared 94 22 pc students pass girls outperform boys
"['vhp', 'organiser', 'join', 'sangh', 'dissenters', 'over', 'bjp', 'actions', 'against', 'fringe']",vhp organiser join sangh dissenters over bjp actions against fringe
"['fino', 'payments', 'bank', 'has', 'the', 'most', 'number', 'of', 'micro', 'atms', 'in', 'india']",fino payments bank has the most number of micro atms in india
"['salman', 'khan', 'lodges', 'statement', 'with', 'police', 'regarding', 'threat', 'letter', 'denies', 'knowing', 'sidhu', 'moose', 'walas', 'murder', 'suspect', 'goldy', 'brar']",salman khan lodges statement with police regarding threat letter denies knowing sidhu moose walas murder suspect goldy brar
"['remarks', 'on', 'prophet', 'row', 'up', 'police', 'cracks', 'down', 'on', 'trouble', 'makers']",remarks on prophet row up police cracks down on trouble makers
"['nupur', 'sharma', 'and', 'family', 'get', 'delhi', 'police', 'protection']",nupur sharma and family get delhi police protection
"['rbi', 'hikes', 'rates', 'by', '50', 'bps']",rbi hikes rates by 50 bps
"['how', 'much', 'worse', 'will', 'loan', 'interest', 'rates', 'get', 'for', 'borrowers', 'this', 'fy', 'heres', 'what', 'experts', 'say']",how much worse will loan interest rates get for borrowers this fy heres what experts say
"['rbi', 'governor', 'batting', 'on', 'a', '5th', 'day', 'pitch', 'nilesh', 'shah']",rbi governor batting on a 5th day pitch nilesh shah
"['buy', 'mm', 'forgings', 'target', 'price', 'rs', '1250', 'icici', 'direct']",buy mm forgings target price rs 1250 icici direct
"['stock', 'radar', 'this', 'sensex', 'stock', 'is', 'likely', 'to', 'retest', 'its', 'november', '2021', 'highs', 'buy', 'on', 'dips', 'for', 'a', 'target', 'of', 'rs', '870']",stock radar this sensex stock is likely to retest its november 2021 highs buy on dips for a target of rs 870
"['when', 'aal', 'izz', 'naught', 'well']",when aal izz naught well
"['rbi', 'proposes', 'linking', 'credit', 'cards', 'to', 'upi', 'payments']",rbi proposes linking credit cards to upi payments
"['esops', 'allocated', 'to', 'zomato', 'ceo', 'deepinder', 'goyal', 'amounted', 'to', 'rs', '387', 'crore', 'for', 'second', 'half', 'of', 'fy22']",esops allocated to zomato ceo deepinder goyal amounted to rs 387 crore for second half of fy22
"['prophet', 'remarks', 'up', 'bjp', 'advised', 'not', 'to', 'participate', 'in', 'nupur', 'sharma', 'and', 'kanpur', 'debates']",prophet remarks up bjp advised not to participate in nupur sharma and kanpur debates
"['kashmir', 'valley', 'four', 'killed', 'in', 'three', 'encounters', 'two', 'of', 'them', 'pakistanis']",kashmir valley four killed in three encounters two of them pakistanis
"['amazon', 'sends', 'notice', 'to', 'future', 'group', 'to', 'stop', 'transaction', 'with', 'ril']",amazon sends notice to future group to stop transaction with ril
